City,Model,RMSE,MAE
Warszawa,CNN-LSTM (skip),5.878260166019418,4.210060294290718
Warszawa,CNN-LSTM (no skip),7.969136112227937,5.47706239933553
Warszawa,Per-cell LSTM (skip),5.800634736526583,3.9881722234515644
Warszawa,Per-cell LSTM (no skip),5.491419107921202,3.7943824246816993
Warszawa,ConvLSTM (skip),5.5340672264998645,3.8729899470744287
Warszawa,ConvLSTM (no skip),6.680232505555944,4.614310026999982
Warszawa,AR(1) per cell,5.630467639086906,3.934346003869087
Warszawa,STAR,5.980668402918145,4.1190258762996566
Warszawa,Persistence,5.9224754808740485,4.234444783499212
Kraków,CNN-LSTM (skip),10.320249831681812,6.622909630596847
Kraków,CNN-LSTM (no skip),14.112605934579843,8.87041023745991
Kraków,Per-cell LSTM (skip),10.117712361936915,6.289608667878777
Kraków,Per-cell LSTM (no skip),10.028290272657188,6.137156033656565
Kraków,ConvLSTM (skip),10.04578545155511,6.382662271906571
Kraków,ConvLSTM (no skip),13.145939985067692,8.300502894196585
Kraków,AR(1) per cell,9.707920767655668,6.030205365053353
Kraków,STAR,11.166159212417504,6.72485614053314
Kraków,Persistence,10.451407881116268,6.668983056074303
Łódź,CNN-LSTM (skip),6.33284720781175,4.4485885283613715
Łódź,CNN-LSTM (no skip),8.475210481258374,5.722390808285483
Łódź,Per-cell LSTM (skip),6.212305648356493,4.181200427346069
Łódź,Per-cell LSTM (no skip),5.863859495117578,3.963307425887917
Łódź,ConvLSTM (skip),6.065172986647846,4.113770431258163
Łódź,ConvLSTM (no skip),7.035492136813872,4.649087634093065
Łódź,AR(1) per cell,6.027461288473192,4.123629969850543
Łódź,STAR,6.517294746241998,4.262435407147082
Łódź,Persistence,6.364999501179676,4.469591077904641
Wrocław,CNN-LSTM (skip),5.4904742268087245,3.8882921297077244
Wrocław,CNN-LSTM (no skip),8.579378648507694,5.530887682336614
Wrocław,Per-cell LSTM (skip),5.700809275602723,3.8614506472490207
Wrocław,Per-cell LSTM (no skip),5.414085962671754,3.6915482940112696
Wrocław,ConvLSTM (skip),5.148976493217202,3.6415675170721857
Wrocław,ConvLSTM (no skip),6.679041602184526,4.432952363908458
Wrocław,AR(1) per cell,5.41535572722104,3.703063851978982
Wrocław,STAR,5.921108107318622,3.916409735520755
Wrocław,Persistence,5.526211495606433,3.905205009601735
Poznań,CNN-LSTM (skip),6.009314098700277,4.105820026354394
Poznań,CNN-LSTM (no skip),9.456340020709035,6.02738385054216
Poznań,Per-cell LSTM (skip),6.198747852057673,4.105512885676062
Poznań,Per-cell LSTM (no skip),5.895713162282784,3.8923647422464205
Poznań,ConvLSTM (skip),5.725417636443989,3.9390802237417115
Poznań,ConvLSTM (no skip),7.52569778198361,4.870322477888794
Poznań,AR(1) per cell,5.962976645724642,3.979663435894229
Poznań,STAR,6.407921913543483,4.232251054064983
Poznań,Persistence,6.0496802644018794,4.122788851275857
Gdańsk,CNN-LSTM (skip),6.175275365371648,4.245814542063715
Gdańsk,CNN-LSTM (no skip),10.045562459683408,6.742748542292145
Gdańsk,Per-cell LSTM (skip),5.838082047664764,4.029858163736405
Gdańsk,Per-cell LSTM (no skip),5.597362385143133,3.969830520079508
Gdańsk,ConvLSTM (skip),5.553802365603669,3.8976932971320424
Gdańsk,ConvLSTM (no skip),7.292728057337669,5.190225997325914
Gdańsk,AR(1) per cell,5.893417286370189,4.006503789277974
Gdańsk,STAR,6.081167401104531,4.1081509843161355
Gdańsk,Persistence,6.217184597867639,4.261473271949793
Szczecin,CNN-LSTM (skip),5.031646030937505,3.3691316684685657
Szczecin,CNN-LSTM (no skip),8.446317802691539,4.9997243231003425
Szczecin,Per-cell LSTM (skip),4.985202128351111,3.254047032562586
Szczecin,Per-cell LSTM (no skip),4.706675854811888,3.167935963069991
Szczecin,ConvLSTM (skip),4.730890931519719,3.05530467752715
Szczecin,ConvLSTM (no skip),6.410548786940668,3.9528060855136644
Szczecin,AR(1) per cell,4.999547879016585,3.2242534293179856
Szczecin,STAR,4.979136254053239,3.2195284313608186
Szczecin,Persistence,5.066198348366681,3.3663983571676552
Bydgoszcz,CNN-LSTM (skip),6.901085517743157,4.392924604796791
Bydgoszcz,CNN-LSTM (no skip),11.123259070433411,6.741747862029592
Bydgoszcz,Per-cell LSTM (skip),7.076434526650319,4.42739070205673
Bydgoszcz,Per-cell LSTM (no skip),6.787008935075541,4.306343128914166
Bydgoszcz,ConvLSTM (skip),6.489740543229282,4.22356038899732
Bydgoszcz,ConvLSTM (no skip),8.290521725876326,5.051772148652
Bydgoszcz,AR(1) per cell,6.915886934958329,4.378087504423381
Bydgoszcz,STAR,7.186652458161147,4.5561557329537825
Bydgoszcz,Persistence,6.949187398349396,4.4153339386722195
Lublin,CNN-LSTM (skip),6.086448360926033,4.140388637951705
Lublin,CNN-LSTM (no skip),7.583568508163919,5.31521806984867
Lublin,Per-cell LSTM (skip),5.846951546929719,3.996853541509582
Lublin,Per-cell LSTM (no skip),5.609553967723258,3.8495844952836316
Lublin,ConvLSTM (skip),5.690124883251619,3.8571415447047785
Lublin,ConvLSTM (no skip),6.425335182575859,4.567856683515697
Lublin,AR(1) per cell,5.656419429666202,3.8398030100195975
Lublin,STAR,6.038392436129611,4.125656148725164
Lublin,Persistence,6.130541515973211,4.1405248402813335
Katowice,CNN-LSTM (skip),9.143314825842852,6.08492250722337
Katowice,CNN-LSTM (no skip),11.635174626370484,7.7193756461518355
Katowice,Per-cell LSTM (skip),9.135563454873768,6.281723531515707
Katowice,Per-cell LSTM (no skip),9.00381656388953,6.073785010973874
Katowice,ConvLSTM (skip),8.708692313351717,5.987880536412293
Katowice,ConvLSTM (no skip),12.062219698904798,8.29678132350968
Katowice,AR(1) per cell,8.547202719114937,5.872079866657203
Katowice,STAR,9.72601142676594,6.436199415317132
Katowice,Persistence,9.178287135418481,6.097100822572354
Białystok,CNN-LSTM (skip),3.84895091138892,2.7468885396546536
Białystok,CNN-LSTM (no skip),4.704089810586483,3.556063529792297
Białystok,Per-cell LSTM (skip),3.4831662918606443,2.5014615152323483
Białystok,Per-cell LSTM (no skip),3.5635890429185166,2.611362454782124
Białystok,ConvLSTM (skip),3.549955504122946,2.5252491973796687
Białystok,ConvLSTM (no skip),3.5413294363547045,2.628290638775737
Białystok,AR(1) per cell,3.595153846965246,2.5779781271064803
Białystok,STAR,3.574687999129726,2.5142435648964434
Białystok,Persistence,3.85895805313032,2.7465323125138696
Rzeszów,CNN-LSTM (skip),4.165522581095959,3.028852291219807
Rzeszów,CNN-LSTM (no skip),5.320506801298244,4.05809196638628
Rzeszów,Per-cell LSTM (skip),4.091781340541185,2.9147223833827574
Rzeszów,Per-cell LSTM (no skip),3.8679511574890753,2.8222592088656393
Rzeszów,ConvLSTM (skip),3.9928766177780903,2.9236110171041947
Rzeszów,ConvLSTM (no skip),4.191726579140035,2.9946680791751845
Rzeszów,AR(1) per cell,3.9805656662235034,2.918948066288086
Rzeszów,STAR,4.061604585007003,2.86405979879062
Rzeszów,Persistence,4.191667735155469,3.0400154329376448
